Country Name,ccode,2003,2004,2005,2006,2007,2008,2009,2010,2011,2012,2013,2014
Afghanistan,afg,203.6508332063,224.9148690679,257.1756944542,280.2456441069,380.4009551866,384.1316812768,458.9557815858,569.9407287933,622.3796543585,690.842629015,653.347488111,633.9478642946
Albania,alb,1890.6815574354,2416.5882350701,2709.142930562,3005.0129033756,3603.0136853664,4370.5396465315,4114.1365449095,4094.3588319192,4437.8119990258,4247.8398520191,4412.3455781342,4568.5688265083
Algeria,dza,2094.8933075406,2600.0065152971,3102.0373628926,3467.5447388646,3939.5599200749,4912.2519334554,3875.8220953725,4473.4864405386,5447.4039913619,5583.616151757,5492.115803758,5496.0002093743
American Samoa,asm,8914.5254326167,8639.6004184807,8508.5508398599,8457.2363933979,8980.3813208069,9871.8240956673,12058.4782840679,10353.0088431951,10376.7445223805,11660.9629347964,11554.7358142563,11509.1820904138
Andorra,and,31744.2168037792,37233.8319037435,39991.3250691924,42419.4018912335,47255.9552101728,46734.2682819437,42704.0194268188,39641.746008498,41627.4629979063,39666.043036198,42804.2026352761,42804.2026352761
Angola,ago,850.0756941297,1135.6045635509,1576.1628006669,2253.8388500387,3151.0224310529,4242.3630623409,3678.9476544718,3886.4793543252,4744.9876294959,5086.8484258086,5327.1488921923,5232.7623002954
Antigua and Barbuda,atg,10382.6309004545,10993.3692472668,12079.8656950416,13599.908857304,15276.0682646698,15786.1728395062,13979.2626925883,13017.3103875487,12817.8415733094,13525.616220134,13342.0849977054,13432.0792079208
Arab World,arb,2740.9372996712,3145.0086111588,3778.7718468564,4374.4892095366,4979.8461117282,6166.0899500232,5202.1746467936,5956.4355310104,6915.4819185645,7410.8414368118,7516.3132247982,7518.4303015359
Argentina,arg,3330.4286600685,4251.5653466058,5076.8834404197,5878.7818328007,7193.6754117607,8953.4765636173,8161.4601962917,10276.5132733671,12727.2942400407,12970.1739015416,12977.1309231495,12245.6806734551
Armenia,arm,924.4640098178,1181.9684454224,1625.4077691268,2126.6186610718,3080.9709594357,3919.9754738106,2915.5839059087,3124.784017862,3417.1718359992,3565.5175749254,3716.8289225446,3861.9155704446
Australia,aus,23440.0053221856,30440.8548786229,33982.9504271591,36084.8589777475,40957.8304392487,49628.1151270179,42715.1322619629,51845.6548605562,62216.5471294133,67646.1038529626,67652.6832146189,62004.7931943463
Austria,aut,32102.9305523558,36693.4026205182,38242.0425174699,40430.993614499,46586.6502529235,51386.3766511975,47654.1872090808,46659.8408181344,51123.5613291663,48333.572726737,50504.7153221994,51322.6399728758
Azerbaijan,aze,883.614008968,1045.0264152764,1578.3673303067,2473.0857763684,3851.4378687117,5574.6038021861,4950.2947914238,5842.8057835858,7189.6912292077,7393.7718769762,7811.6214184582,7886.4591436727
"Bahamas, The",bhs,22008.4337005989,21995.5199216219,23405.8795479327,23721.1562800587,24306.1424243044,23657.365306222,22043.0125711709,21920.5165867583,21514.8986531628,22554.5157201628,22554.4541222366,22497.4497068298
Bahrain,bhr,14541.6160485141,16275.1804236433,18418.0726743768,19669.3195545631,21167.6187062133,23043.0253174017,19166.7082382358,20386.0175551116,22033.9106201625,23057.7675759542,24113.5248437757,24514.9991306142
Bangladesh,bgd,434.0465632334,462.2748798448,485.8528880735,495.8537802011,543.0822631224,618.0758835593,683.6144222723,760.3319352002,838.5478017022,858.9333625876,954.3963997156,1086.8000867694
Barbados,brb,12028.3719341589,12868.8630941907,14223.6581251896,15645.9990270578,16462.2471099718,16570.5593507827,16523.3829717259,15906.1893174632,15534.1733043761,15385.1163692956,15473.0980649523,15360.0618007811
Belarus,blr,1819.525644123,2378.3392066022,3126.0717666525,3848.2159664874,4735.4848267369,6376.1831529846,5176.1726492702,5818.4974109555,6305.6591714623,6721.4833508653,7722.1257979293,8032.4948911285
Belgium,bel,30743.9569254283,35589.7129457001,36967.2829204297,38852.3610339939,44403.8313061102,48424.5892730273,44880.5601517887,44382.8797683492,47699.8070518961,44740.5717021938,46508.1305921633,47346.7573844974
Belize,blz,3679.8821355917,3831.5934839362,3933.3044301991,4187.3204258777,4324.9343891701,4473.4179085974,4263.8071121865,4348.0195387497,4522.8618618786,4674.2934466753,4723.5943547037,4884.3685622029
Benin,ben,509.4610886978,570.6855013338,587.0802124228,609.0186086816,685.5516751077,794.8701760641,768.0134764477,732.9536227267,799.0355591314,811.216240825,887.0899667264,915.9266407788
Bermuda,bmu,66111.7252270036,70359.3191088798,75882.0338560339,83912.6977976846,90849.5869806436,93605.7481653976,88463.3128161375,88207.3275597322,85973.158416455,85458.455507886,85748.0654143782,85748.0654143782
Bhutan,btn,1009.0062318469,1107.9205956407,1257.5486400866,1346.0857748005,1755.1617090429,1810.576177044,1786.8106720059,2201.2930777894,2485.7870521685,2452.1515879374,2383.0447299026,2560.5221317413
Bolivia,bol,917.3643104862,978.3347575767,1046.4278428307,1233.59297373,1389.6292950138,1736.9274104667,1776.8609118836,1981.1663127467,2377.7069403782,2645.2919987171,2948.0324723422,3124.0854344676
Bosnia and Herzegovina,bih,2192.6470782437,2619.7532575373,2928.2635903528,3351.9633998615,4107.9962319722,4974.6622666614,4586.2063131595,4475.0881300457,4860.7818113424,4494.6406403805,4748.0406922642,4852.3186487361
Botswana,bwa,4149.0413774883,4879.4594615473,5327.8535176786,5342.1403362253,5666.6378477926,5561.8982428225,5115.1214638707,6243.998830792,7504.8484763084,6885.8435975993,6806.6589392903,7153.4478594683
Brazil,bra,3040.5064955882,3596.2245797606,4730.6534683816,5808.3405471598,7246.8701047907,8706.8191419037,8474.878523078,11121.4180921177,13047.2426707089,12179.6906214678,12106.2100365736,11917.7904278216
Brunei Darussalam,brn,18758.9808946915,22131.9460641106,26337.9181126619,31157.6884478525,32707.7043073602,37798.3935034007,27726.481053695,34852.0239843014,46377.8811438445,46973.9379317158,43970.5319412044,41023.8898817215
Bulgaria,bgr,2710.4680235732,3381.5078365613,3893.6899804991,4513.1362795438,5932.8996765932,7296.1224785859,6955.9877325342,6843.2632888532,7813.8034994617,7378.0255394416,7674.8605591403,7853.3351908622
Burkina Faso,bfa,323.962564276,371.4970214587,406.6735559627,422.4223375107,474.0885400128,567.7341866564,537.2634287055,575.0118817524,667.1734194571,673.0625111939,698.3350349284,696.8562067594
Burundi,bdi,106.0169747292,119.4601350128,140.8151355984,154.9245257131,159.2654713115,182.6878012523,190.3942036666,214.2309908401,240.6144834591,244.1964862315,259.3652081502,286.002335873
Cabo Verde,cpv,1759.2561305003,1970.8913734124,2049.6159792775,2316.4794903215,3145.6539406493,3698.3134118857,3517.385581575,3393.9272124327,3766.1114732709,3497.6896970108,3648.9363212954,3661.168758409
Cambodia,khm,361.0703476005,407.0849061622,472.4488558628,537.8485827121,629.2828776345,742.9429233362,735.4075239165,782.692789877,879.1512440923,946.4766787104,1024.60886982,1094.576687779
Cameroon,cmr,791.1064753902,892.8987776606,915.0912876797,965.3686882781,1070.9546746196,1191.7095543673,1164.7172543709,1147.2423467852,1258.9246506685,1222.1921422044,1331.2000214439,1407.4034132223
Canada,can,28172.1488309084,31979.8719510723,36189.5883840265,40386.6994835116,44544.5268004039,46596.3359912609,40773.4543637445,47445.7619347846,52083.8262233942,52496.6948704709,52413.7211560786,50440.4337553383
Caribbean small states,css,5683.7193092578,6204.5088994955,6985.0969776749,7796.7567663306,8612.6983676048,9756.6201084267,8152.4818686611,8799.5897469104,9458.5400541182,9703.5040412085,9770.9434767225,9705.4197169117
Central African Republic,caf,290.5096582522,318.4837946257,332.9466400768,353.8944517064,404.1131818544,463.8276186307,454.3693169169,446.8002045528,488.3573421929,472.8182180573,322.3665933037,354.4519010729
Central Europe and the Baltics,ceb,5941.1716165503,7161.4481171128,8342.4363504098,9461.0987126581,11951.6871890755,14489.1505154171,12197.8737641886,12557.3826694129,13885.1663687175,12996.0882153681,13704.5106357764,14126.2043740139
Chad,tcd,292.5815827791,454.6552833847,660.181556792,712.0468098181,801.4015712384,929.2795527019,803.9143366053,895.8780348726,988.4431893129,972.6794135123,985.0953220007,1024.6683540219
Chile,chl,4948.7481798181,6323.7576399565,7728.6118974176,9500.8351620276,10513.540709255,10791.0201852467,10217.3140258368,12785.0518749447,14582.1705198618,15253.3308268909,15764.755453406,14566.1490549222
China,chn,1288.6429243993,1508.6684623081,1753.4178000747,2099.2296755172,2695.3662227179,3471.2475472623,3838.4342921563,4560.5124871009,5633.7961063607,6337.8829926902,7077.7705938533,7683.5020379578
Colombia,col,2246.2576855877,2740.2498268567,3386.0254435678,3709.0769144106,4674.2117101772,5433.706412432,5148.4113436394,6250.6544997915,7227.7708295564,7885.0612923021,8030.690860538,7918.0789003935
Comoros,com,538.6976579663,609.6406980487,614.861327262,640.7429838089,712.1200098454,786.1795768779,768.7337459608,759.2631308639,818.8613056935,778.1058843654,823.023002315,841.2055558264
"Congo, Dem. Rep.",cod,169.9085912872,189.5887134601,213.310458976,246.8028136251,273.4864797051,310.7310243982,286.0481803451,311.2478959884,350.2706542497,390.7066035047,413.6957983748,437.8149311778
"Congo, Rep.",cog,1049.3175951849,1362.1988328914,1737.6115464311,2144.8349428807,2259.2694131635,3094.1097195938,2428.260232581,2953.1850078768,3453.2212288565,3191.1642988109,3205.4577827894,3147.0715240876
Costa Rica,cri,4167.7151167733,4425.5064102518,4697.0089230806,5245.1922414419,6120.6290213679,6911.1392563638,6809.3992643948,8199.4272574462,9186.5704334421,9985.3137968199,10547.2101640013,10544.7200314114
Cote d'Ivoire,civ,875.0860950688,929.8933839756,942.2163849301,962.9184427388,1078.541501987,1257.6755819286,1233.3048561242,1236.0851980687,1231.8678340517,1281.3828651673,1445.9105824702,1544.321337188
Croatia,hrv,7805.8814183311,9365.7424680119,10224.2405855179,11363.4184456056,13546.6987224454,15893.8605622792,14157.144161951,13509.1858157682,14542.1775991872,13235.9775701749,13574.9780420161,13480.6507536281
Cuba,cub,3201.2235220182,3398.6378048303,3786.8430120738,4677.7710974325,5193.5197340173,5385.7407270121,5495.0492332689,5688.6490457797,6092.6015382075,6448.3275529284,6789.6999825303,7088.0844733829
Cyprus,cyp,20293.4078913924,23932.4912772329,25324.4866558737,27169.9925579717,31386.6326506534,35390.7048833763,32105.8159000782,30818.4639574235,32233.8394246573,28951.1555598986,27907.9673626742,27340.8838161118
Czech Republic,cze,9741.0583837682,11667.6321201205,13317.7298342014,15159.1411456575,18333.9459002641,22649.3793400813,19698.4920909142,19763.9637984737,21717.478393542,19729.8705111763,19916.0193873722,19744.5586092159
Denmark,dnk,40458.7706402839,46511.6045710347,48799.8203703247,52026.9931124155,58487.0450116405,64322.0666441526,58163.2935943068,58041.153221452,61753.7927549315,58507.5002096272,61191.1926260428,62425.5392007494
Djibouti,dji,822.0970500664,867.6835900203,910.3645073735,974.5642374181,1060.8149402897,1234.0133556656,1279.2519479097,1358.4605000491,1472.0142049737,1586.7801332843,1682.9486648607,1812.4253858252
Dominica,dma,4997.1626683922,5329.135890245,5250.3525611745,5522.2856184803,5952.0566685762,6464.2172822785,6888.8560227246,6938.9521464641,7016.4478222936,6778.3440411884,7061.2755801423,7301.2358649135
Dominican Republic,dom,2372.6290911349,2421.0963279407,3681.0603014911,3836.4708182393,4647.3186715155,5011.0530174822,4952.6881513794,5451.0680613947,5759.0384543439,5968.8262179822,6026.9898886109,6268.6324827305
Early-demographic dividend,ear,1348.1171880282,1540.4788676743,1766.5204217211,1989.8561874408,2312.9518598985,2568.5942773304,2432.7691276817,2908.3160641615,3224.1463730712,3297.0003835893,3317.7223747641,3334.9968705968
East Asia & Pacific,eas,4099.8788663764,4563.0987304389,4830.2186924463,5083.890911162,5645.0288471536,6476.2474352856,6628.9895743817,7679.7453906241,8846.9704142408,9403.304326474,9447.8756856088,9663.6411824495
East Asia & Pacific (excluding high income),eap,1242.0917699198,1428.6103336812,1639.0000721411,1957.3299107695,2458.0013068796,3089.6823723821,3329.0613900563,4009.7139319809,4867.1073934684,5390.6581529179,5908.5824773085,6307.0527518291
East Asia & Pacific (IDA & IBRD countries),tea,1255.540688241,1444.0756198886,1656.7277874623,1978.4728123875,2484.5095472812,3122.9442950007,3364.8267461999,4052.7024544333,4919.1893315532,5448.230712645,5971.542755105,6374.097977422
Ecuador,ecu,2440.4691638575,2708.5582929825,3021.94276733,3350.7841423191,3590.7115134942,4274.9408206207,4255.5555631186,4657.301737458,5223.3775749014,5702.1682878938,6074.1819714721,6432.2958129188
"Egypt, Arab Rep.",egy,1147.7817131685,1071.3233388161,1196.7333085042,1409.1778752298,1681.31448106,2061.6127722526,2349.2868646568,2668.0359882616,2816.6669434778,3226.13137882,3264.4500626753,3365.7074205748
El Salvador,slv,2549.886636494,2666.3396954881,2874.2572562645,3108.592529337,3358.4212518546,3569.3353934472,3431.2800679181,3547.0709831532,3821.3385898552,3921.7203951166,3998.7394993862,4102.0638517964
Equatorial Guinea,gnq,4234.6020858073,7276.0756558754,13129.5981770095,15620.6404326044,19633.1601457759,28780.5764836217,21251.0626004464,22366.2939001749,28404.4275152161,28937.2988403147,27528.6579867104,26144.9405009551
Estonia,est,7174.2407922503,8850.4678499461,10338.3172625946,12595.414840361,16586.4079613909,18094.5473954875,14726.3139057181,14639.473302339,17453.7537611724,17421.887988526,19029.7792318907,19941.4526982953
Ethiopia,eth,119.0586587838,135.97636191,161.8769539083,194.0779936744,243.6288454844,325.7949006599,380.2648410333,341.8589561694,355.5889915132,469.7923038898,503.9026065869,573.5659603461
Euro area,emu,27157.1197177576,30979.0865446306,31983.6889724504,33795.8335051667,38710.4945255707,42225.3097514353,38480.220336036,37613.196868206,40611.3196916453,37593.1165076553,39100.2008484127,39730.0686685853
Europe & Central Asia,ecs,15524.9805661739,18042.5802000076,19151.5224345966,20663.0335183319,24055.797175076,26287.7391773009,23022.1051939962,23465.9752049159,25903.7520231027,24773.6781702047,25711.1373986674,25938.6349522978
Europe & Central Asia (excluding high income),eca,2534.253678495,3345.4775693932,4230.5855537126,5189.5189544628,6694.0765032156,8267.9793488861,6453.6495535804,7651.3942550098,9346.678098392,9682.7656020517,10126.6474000189,9470.0484579218
Europe & Central Asia (IDA & IBRD countries),tec,2865.6163721486,3699.5316922723,4623.8232113437,5589.1869303083,7162.2033302388,8844.4863341402,6971.5953234898,8136.2842989237,9786.7566630563,10012.1329741778,10469.1057082479,9918.2079707807
European Union,euu,24269.1945485537,27916.0418490623,29078.0913331993,30901.5230542579,35567.4557980335,38096.7387667371,33935.1147123843,33659.4872067091,36388.1420356953,34194.2893423984,35538.4000898096,36556.1836268606
Faroe Islands,fro,31098.0899974115,35008.1685188704,35808.8298627485,40617.3049771172,46878.115456099,49625.4786680383,46429.9206292594,47381.5227624969,50910.4340505074,48695.1711837983,54117.8444148388,54117.8444148388
Fiji,fji,2835.9809174782,3332.914460015,3658.6174768005,3750.0349907742,4079.2288415609,4178.3216907354,3369.8552048594,3651.9582906354,4351.9117805441,4543.8153581564,4758.8927821636,5042.3713956979
Finland,fin,32816.160880214,37636.1117341753,38969.171631813,41120.6765061581,48288.5490978186,53401.3148725198,47107.1557090705,46205.1660111855,50787.5649828531,47415.5598711351,49638.0771298139,49914.6186421589
Fragile and conflict affected situations,fcs,598.3077901505,663.3861985496,784.9710513322,896.9233706594,1082.885389211,1363.0952737406,1241.0613610671,1442.5856378329,1526.3571361386,1608.7543301663,1680.7199678896,1707.8452780819
France,fra,29691.1815836764,33874.7425478435,34879.7263291899,36544.5085344191,41600.5839748157,45413.065712185,41631.1314123702,40705.7662299421,43807.4759032413,40838.024436834,42571.1979897409,42843.0132164286
Gabon,gab,4929.322636637,5755.959504232,6865.3234973302,7206.9684081794,8632.7569511636,10523.2702492172,8003.7907434078,9312.0494626889,11530.1472010731,10642.4322523013,10658.7727292505,10772.0617537637
"Gambia, The",gmb,360.6773243963,414.9810527582,433.2915831079,440.3139384423,519.9547092523,608.6464388319,549.5395066685,562.5681661425,516.9842549884,504.9890138198,484.1126877099,440.3703891769
Georgia,geo,928.0108227168,1207.3672275029,1530.057520905,1872.6804160672,2492.1287799453,3174.9490006864,2706.5885115817,2964.4770480221,3725.0632212159,4142.8691753655,4274.3768729506,4429.6500745149
Germany,deu,30359.9521525666,34165.9340305131,34696.62091671,36447.8723183195,41814.8190965222,45699.1983232962,41732.707253158,41788.0447853084,46807.4163752215,44065.2489082767,46530.9114275776,47902.6528842516
Ghana,gha,375.8807044609,426.1592342406,501.7240745507,929.7266285841,1099.0223125796,1234.0799001109,1095.5032324553,1323.0991405686,1587.1908727476,1641.8259218244,1827.1013677999,1441.6364531117
Greece,grc,18477.578411927,21955.1040911595,22551.735744099,24801.1578065035,28827.3263555224,31997.2820108813,29710.9702950284,26919.3616367757,25914.6815458943,22242.681934771,21874.8195041667,21673.7810702225
Greenland,grl,24706.2919331832,28416.7776652046,28985.3908702269,31902.5047515616,36070.919815783,40863.2573152497,41097.5563587729,40193.6660251226,44010.3332192995,41471.6558845075,42827.8082665792,43364.8828499176
Grenada,grd,5773.2991511991,5836.1202118959,6754.3811745034,6764.7228669512,7322.5261714165,7946.6385006439,7394.9463183485,7365.6666592364,7410.761079915,7583.5464764321,7956.1418418286,8570.6633958146
Guam,gum,22556.9150250597,24381.4556809993,26496.0448482017,26592.3536726231,27631.8116363085,29189.5647779673,30141.0279849452,30701.2042147516,30635.7159730943,31933.5163721462,32485.2683789463,33221.3222874128
Guatemala,gtm,1743.1783936854,1860.990005016,2064.0475244177,2240.9970190299,2472.3886991479,2774.3691876939,2617.1289802599,2805.9739374909,3166.5770579767,3278.6263457313,3432.0174578806,3666.5798377297
Guinea,gin,371.320959305,387.3679616154,303.7609660517,296.1745762734,407.2065721533,433.0747552342,430.1999535437,430.0564738591,447.7909892855,487.3457142092,521.5389058682,539.6157749888
Guinea-Bissau,gnb,339.8607487385,370.9340772947,401.1472890458,395.9779938547,455.4358577701,553.4750996396,517.1669404154,517.8891757904,660.5867204018,580.6429368671,584.2820032495,615.9396825811
Guyana,guy,999.1816472294,1058.9585152401,1110.9577173502,1961.0556232239,2334.0210421643,2569.9885057943,2698.0589910646,2998.9412742409,3408.7319033961,3759.383547097,3928.8789497663,4028.1639914829
Haiti,hti,329.7819843955,387.942802371,465.3099364215,505.4694388094,615.815373042,674.749539514,668.2912904734,662.2793812478,740.9473632599,766.8721739431,810.3073258543,831.5905216716
Heavily indebted poor countries (HIPC),hpc,353.0303879978,394.4076816243,443.2097504125,514.7871166682,595.7147639037,697.9932897191,684.5720467483,736.7731151194,801.4957256778,840.2304909493,885.3869774753,911.8378585291
High income,hic,29122.7581582489,32197.6343146192,33808.896057144,35414.0243095107,38404.7439630825,40460.2632028231,37638.8665436172,39184.9895842635,42090.8447826018,41861.6395781027,42064.3499626934,42642.8006613968
Honduras,hnd,1228.4801119861,1298.9357621935,1405.7809270082,1547.2639480212,1720.7662630096,1899.5501337938,1962.0676054343,2096.2029486273,2307.7210016097,2378.5195687757,2340.6848656213,2434.280046303
"Hong Kong SAR, China",hkg,23977.0194516698,24928.1003722551,26649.750801707,28224.2150609389,30594.0178410231,31515.6627713018,30697.340383517,32549.998231121,35142.4879344543,36707.7742282554,38352.5349238738,40215.4896458262
Hungary,hun,8396.2530229412,10259.5260647721,11161.7244084585,11398.7658351748,13842.6054926173,15669.2592867275,12967.1654278758,13025.7947978134,14048.8795825413,12834.3234884048,13613.6014689502,14117.9766762093
IBRD only,ibd,1661.1666229552,1955.2828324248,2311.8474207088,2712.5115522306,3334.8736353244,3964.762872054,3806.2986479921,4579.1866764703,5362.8165715549,5609.621784768,5878.660897084,5987.4478971675
Iceland,isl,39044.0909865388,46917.2721613382,56249.7505492159,56103.5411545581,68348.3181700745,55575.2919607981,40461.8925056659,41676.4490936016,46000.0359445763,44333.8501759313,47810.233042455,52475.1277951085
IDA & IBRD total,ibt,1368.8467210623,1603.4250785057,1885.910315767,2207.8578135898,2693.9525154594,3194.8302822094,3062.6447009368,3684.9942401691,4290.2798090035,4481.984895149,4692.2934315686,4782.6210894771
IDA blend,idb,573.283342528,671.1986961181,773.8341053076,930.0541743719,1041.1658696303,1239.2821664644,1161.7048854693,1610.6896624623,1823.5954471784,1964.3610416681,2097.9592338812,2228.6927234941
IDA only,idx,379.8938415757,418.5495916574,466.2306194686,532.3466184068,619.0400824652,729.7646777738,732.8092163501,812.0619167616,887.4586673669,922.012458497,980.3768900284,1032.8934588169
IDA total,ida,449.5904768222,509.5414688584,576.8025342257,675.1152956003,769.984091436,911.6841711339,884.3948042303,1099.4274935797,1224.5109123063,1297.4306161909,1382.3934926876,1462.5835465774
India,ind,557.8973658865,640.6005221609,729.0007270401,816.7337761992,1018.1288378596,991.5153758311,1090.3606038481,1345.7213825728,1461.3774794379,1446.767108596,1451.5344660476,1569.9418281242
Indonesia,idn,1065.6565688228,1150.3492582179,1263.4814411969,1590.1779001867,1860.6226256934,2167.8576515474,2262.7207999464,3125.2199450583,3647.6266356734,3700.5235249547,3631.6726936035,3499.5887347652
"Iran, Islamic Rep.",irn,2240.8071214457,2649.9135856966,3135.1874076426,3646.8444072572,4705.3882202843,5476.1584219097,5437.8187902042,6299.9187379067,7874.4847920138,7710.5133138845,6631.2982704149,5442.8747707604
Iraq,irq,1391.6095824082,1391.6095824082,1848.968201055,2350.1942360588,3125.5803023922,4512.9851443381,3725.6754409244,4487.3662893751,5828.7647485099,6614.5848211573,6879.6977901321,6484.5293366572
Ireland,irl,41107.1564481921,47631.0646198435,50886.8272927009,54326.0980104952,61388.1738270495,61235.4006302281,51983.7881819968,48541.4776442369,52564.2554838933,49231.3616199885,52034.7682239848,55503.3272623334
Isle of Man,imn,28678.8452915927,34634.0519997066,36980.1130792844,41232.9206416727,69414.1220714181,70433.648186422,60419.2719355532,64275.0124401678,71312.1594693156,74999.2076151016,78119.0598732396,85258.0761591
Israel,isr,18946.999415629,19888.1719990387,20611.1793052385,21905.0176947466,25008.6037040998,29657.4420084852,27795.8767084275,30661.9900386465,33657.1572746314,32569.5968257028,36393.6693204984,37582.8462414114
Italy,ita,27387.2257970921,31174.5611761064,31959.2621538188,33410.7482014867,37698.7857302579,40640.1846549619,36976.8451179565,35851.5080738451,38332.3003680405,34814.1243593936,35370.274411922,35365.1041218615
Jamaica,jam,3547.1975650646,3810.3571497928,4184.0495196214,4423.4712657326,4741.5760335753,5033.7947045462,4410.576282726,4812.4814977308,5246.5767711468,5357.4439678169,5148.0174511283,4993.1937557186
Japan,jpn,34808.3909176613,37688.7223359406,37217.648727917,35433.988963743,35275.2284312667,39339.2975731826,40855.1756354596,44507.6637099867,48173.9344592983,48629.1996899952,40488.2432036925,38139.4223595003
Jordan,jor,2021.4607816084,2205.7958429451,2360.5302442881,2722.6660781647,2970.8890562697,3655.8581243726,3800.6759293118,4054.2706677568,4266.0770215543,4423.1173548337,4656.2198069161,4830.9769152594
Kazakhstan,kaz,2068.1236571983,2874.2882912765,3771.2789573385,5291.5756501865,6771.4147968189,8513.5646450681,7165.2770496965,9070.6499719999,11634.4242158163,12387.1898225308,13890.8560077898,12806.5651078094
Kenya,ken,444.233631051,467.3787524933,530.0821578503,711.7211636716,857.9256886542,938.5717623452,942.7431464664,991.8505451432,1012.8797726673,1184.9232560436,1261.0928630773,1368.491132158
Kiribati,kir,1015.0728614504,1130.5653461868,1214.5040480622,1151.5922693288,1357.6463078249,1413.3454118028,1297.3109402467,1493.2186957035,1692.5162439204,1763.6996963765,1724.2187599618,1684.3212921031
"Korea, Rep.",kor,14219.1935856009,15921.9391974413,18657.5212532106,20917.0302377023,23101.5102258935,20474.8868492383,18338.7063660256,22151.2088921324,24155.8298493082,24453.9719124644,25997.8810547699,27989.3539925863
Kosovo,xkx,1969.5627130741,2135.3328465238,2190.5520790386,2371.6620785632,2788.4794637241,3254.8606736952,3209.6941085705,3283.2119384317,3736.8409993833,3600.8870002769,3877.5405809798,4053.6289133305
Kuwait,kwt,22841.6024892137,27437.9824187671,35694.3817052274,42498.7402043786,45159.3414687272,54484.3005124528,36754.9458713815,37725.141206371,47551.3829674489,50903.9046037897,48463.1516704617,43332.4062504589
Kyrgyz Republic,kgz,380.5073624355,433.2351189352,476.552129969,543.1107024031,721.7686908389,966.3936271854,871.2243893379,880.0377751191,1123.8831680627,1177.9747348785,1282.4371620247,1279.7697826599
Lao PDR,lao,362.6677396128,418.1732543289,476.1624042311,591.3647724712,710.9803377681,900.499553549,947.9555257425,1138.5260816924,1297.5368738083,1445.4162009492,1700.5253051612,1754.8961955038
Late-demographic dividend,lte,2033.9179058162,2428.295894984,2910.4299901202,3490.2488677536,4369.6290874186,5400.9298535491,5188.1504310182,6189.7374981566,7498.4971564617,7954.6570265928,8524.0130101893,8803.348092519
Latin America & Caribbean,lcn,3713.2606969596,4230.6348773552,5054.8660520432,5851.1057242839,6815.2578474248,7827.9213675636,7269.6529948516,8909.2675314787,10009.9873089797,9985.0056842082,10121.5502498202,10012.792363016
Latin America & Caribbean (excluding high income),lac,3517.7237353629,4002.8336415167,4803.4501029766,5568.119192552,6528.4040258358,7548.3493364855,6994.710049461,8608.4350963049,9682.9949597072,9630.4666593362,9743.7924424385,9670.8416382922
Latin America & the Caribbean (IDA & IBRD countries),tla,3581.699060598,4101.2724356148,4932.5677248319,5725.6199893945,6700.3053671827,7728.6498726661,7151.4830535559,8825.9033998688,9942.7356249826,9908.3465631875,10038.1122850097,9926.7499228816
Latvia,lva,5134.9056939727,6351.0801254716,7558.7420062292,9667.9757000802,14044.0158891923,16348.53120679,12219.3737898048,11329.8951237997,13798.2052012707,13799.2448781987,15033.1529496571,15710.1677090724
Least developed countries: UN classification,ldc,337.5783232192,380.5710726843,438.8603749359,501.859864858,597.692199964,730.4261995229,719.7280429491,797.9438643483,889.106797625,921.1670741132,972.1088475757,1024.4355117955
Lebanon,lbn,5425.6690703017,5424.2179439643,5339.4238804311,5372.4750564404,6015.8021288014,7015.6051778668,8403.1093160567,8763.7959641655,8728.5659118114,8773.9319564481,8388.973293017,8148.6391668339
Lesotho,lso,609.7779392004,790.3783766356,873.5655336307,927.724499013,933.387851566,951.1646280336,939.5069662797,1189.7761514595,1375.1964566704,1295.9600911345,1199.8741064932,1203.6958928922
Liberia,lbr,133.1531498082,149.0590939079,168.2067266787,178.4531393841,209.8116108709,231.4432220589,302.2760707974,326.6044381113,378.8140624487,414.1851554417,453.3394570454,457.8585865203
Liechtenstein,lie,89550.6363231786,99926.6014627854,104994.018301942,113833.96239752,129866.48886035,142253.378237295,125112.465676776,140102.72571645,157100.404452404,148297.392967427,172563.064088544,178713.227991851
Lithuania,ltu,5505.5356688311,6706.9669984393,7863.1620086517,9240.6425479744,12297.9153480396,14961.5681759187,11837.3910271086,11988.757967609,14372.8268712539,14348.3393561016,15709.886485526,16555.6465218983
Low & middle income,lmy,1316.3774693776,1540.0575779901,1810.0161153802,2122.0940657415,2591.3956654353,3072.8026108552,2962.523411547,3573.6973536053,4167.9244280403,4365.7679847406,4572.0589216465,4664.6441998167
Low income,lic,263.6448740587,292.6608596752,328.8904171584,355.0417153994,412.0423157717,482.9620763231,493.2865630713,519.309847415,569.3386209411,596.1892785157,625.2380319093,653.8606259628
Lower middle income,lmc,678.0644841929,761.4287411948,860.5658354511,1003.1677775526,1198.7728396441,1319.6279697398,1335.827503064,1669.8156581317,1856.4069009971,1913.9769538494,1967.5771835709,2041.2258102491
Luxembourg,lux,64669.9697094182,74971.0408366682,79494.1795325237,88680.2619176045,104841.412252346,112851.60397505,101221.726275735,104367.426827438,114927.697126671,106247.735738139,113266.110735667,117507.808592642
"Macao SAR, China",mac,18180.6390209133,23083.4001641707,25829.9909971361,30829.265352832,37200.1089835966,41235.0275951692,41187.7920414883,52604.3271347173,67150.2767545254,77145.0395041344,90746.10886213,96074.8369597196
"Macedonia, FYR",mkd,2431.83677608,2787.773056349,3063.5954258157,3351.3025901849,4063.7459398208,4821.5405747127,4566.3413322114,4561.1775464492,5079.9620789636,4709.5116277774,5219.5356810185,5453.2812751277
Madagascar,mdg,317.4220231481,245.6704573167,275.5158270961,292.9908930587,379.0672519752,472.3791007953,417.1783091928,414.1427872187,456.3293071343,444.9584937511,462.4600105356,452.8103949291
Malawi,mwi,265.4293545143,280.177358673,286.7851511285,304.9041640207,328.2970521868,382.685389112,432.3624092331,471.0587532427,524.309104924,380.9185150914,335.5235807038,362.6930682685
Malaysia,mys,4431.2394550148,4924.5858520004,5564.1732305015,6194.6719054165,7240.6819666796,8486.5993327354,7312.0083136334,9069.0307165089,10427.7560500121,10834.6590783671,10971.4155835989,11305.9000976846
Maldives,mdv,3432.2478412829,3853.3334084535,3488.4937694704,4428.5228978979,5002.8622851003,5828.6213743094,5970.1605902778,6330.7949804155,6497.5504427467,6541.0704649927,7112.3357500955,7716.2040154613
Mali,mli,389.0773607264,436.4358059114,484.8106142995,518.3944292052,592.0169224551,685.5477913042,692.8426782577,704.0646208867,829.8492312767,772.2499216732,772.2501094828,819.6212972427
Malta,mlt,13689.989987991,15109.0549683959,15835.3466687883,16671.5671992638,19375.569601363,21928.7006740562,20675.5825862064,21087.7946931036,22957.4118568356,22081.6016294634,24056.6124464852,25125.0956185779
Marshall Islands,mhl,2434.7615849564,2517.6940507739,2645.9814053556,2758.3832565284,2893.4248554046,2927.9621740203,2917.2072671706,3142.4294758825,3286.4788138259,3513.9622094081,3618.2312527199,3461.6450960914
Mauritania,mrt,525.4587743116,598.2105478701,692.5759653987,937.9827017149,1008.5547052373,1180.5495140793,1045.7904085227,1207.8274575037,1402.6691286039,1385.0046817782,1457.836387254,1370.9852124851
Mauritius,mus,4623.3476417456,5229.876738231,5116.0454238396,5695.9693270493,6574.6543381149,8030.063005373,7318.1264097242,8000.3764318215,9197.0269715206,9291.227618619,9637.0026500096,10153.9382184867
Mexico,mex,6673.1667001078,7115.1217687272,7893.9621974497,8666.3353533106,9222.8839905821,9578.5705620704,7661.2084045474,8861.493719991,9730.277761437,9720.5616741291,10198.6472993047,10353.4479828794
"Micronesia, Fed. Sts.",fsm,2293.579613541,2247.8376730002,2352.6394094051,2393.9364118092,2435.1998477351,2501.5276820584,2669.3750541068,2838.4485470811,2998.6421972245,3147.6795857645,3044.0772093561,3057.0912306332
Middle East & North Africa,mea,3261.8822353328,3720.6721026893,4394.5774439352,5038.656989628,5839.0086974307,7141.9102618838,6232.3564721435,7114.3604590427,8355.4608605292,8752.057572886,8711.7967752478,8491.7269235379
Middle East & North Africa (excluding high income),mna,1744.0937150609,1963.8718489156,2276.7140392573,2599.0559119632,3146.3687515194,3826.5202932906,3617.5951949071,4104.9695847742,4667.0684668592,4839.2827376009,4666.7300290994,4400.021021394
Middle East & North Africa (IDA & IBRD countries),tmn,1749.4175355421,1970.831347446,2285.9070880717,2612.0901082284,3164.1789322708,3849.1274727913,3636.6831988542,4125.5107288472,4690.637102407,4863.6760376154,4686.5913858583,4417.1278406244
Middle income,mic,1417.8165193231,1661.9694648075,1956.8774990504,2299.7121014669,2813.6775916133,3341.0788220731,3222.4856318728,3899.9551831822,4558.275815031,4781.2653867457,5014.1034751389,5121.0584914682
Moldova,mda,548.2896866905,720.9409320721,831.2052862106,950.6482043627,1230.4346847203,1695.9728111438,1525.5261188276,1631.5358317953,1970.5713725334,2046.5367866511,2243.979662444,2244.7637624833
Mongolia,mng,646.1191901255,797.9051718687,998.8222717559,1334.4056738732,1633.3843815696,2138.3766793458,1717.0731367761,2650.3468197905,3772.9316467521,4377.2388701044,4400.6145146035,4201.7377217565
Montenegro,mne,2789.0815815388,3380.1995346968,3674.5265295146,4383.595097082,5956.8195601029,7326.0254028084,6697.7072403889,6681.9271483604,7319.1494070848,6586.8038396423,7186.8135923354,7378.0422707461
Morocco,mar,1724.5250790682,1955.1419307888,2023.2529965223,2204.2583511589,2510.9839592147,2905.9526796474,2883.8506774115,2857.6734140278,3066.5031577577,2931.4001995337,3141.7253727906,3186.6087596043
Mozambique,moz,280.8725682763,332.8829119532,365.5968499197,382.3779583218,418.9129863554,499.8870858182,461.4252186979,417.5012315332,524.8914529413,593.2193070951,605.2344447224,623.1979366254
Myanmar,mmr,212.9540796253,213.1256100817,239.8128119056,288.0030327899,398.0857911302,624.3886019127,718.4422610947,957.6247442321,1150.6350729012,1136.7863679796,1134.9284427289,1227.1372167517
Namibia,nam,2489.8939462246,3298.9016504906,3582.2598203477,3884.6468337472,4195.9363933353,4011.3011688847,4123.9399972969,5143.1306757925,5539.6151596693,5679.8818747685,5417.8003135892,5349.4476755648
Nepal,npl,254.5538040099,288.6697669517,318.7480617054,350.6084650142,396.1697727924,476.5565582354,483.4034114547,595.42751983,693.5503705151,698.409889741,696.7326839641,703.1825707166
Netherlands,nld,35245.1640746805,39954.6422157907,41577.1600883755,44453.9711946212,51241.3156170166,56928.8204756806,51900.3400948453,50341.251919716,53537.2751512189,49474.705606422,51574.489418462,52157.4068701887
New Zealand,nzl,21913.7081719961,25420.234882944,27750.8951531221,26670.8645228341,32509.7347119416,31287.6136423777,28200.9419253104,33692.1695969513,38426.695330151,40066.5648004195,42928.0963291754,44380.426584212
Nicaragua,nic,1015.5658950617,1091.5051566246,1175.116443418,1245.1420993579,1350.5872223394,1517.8036109063,1478.9713892993,1523.4814688214,1679.7482001572,1776.2092435787,1829.0249891809,1960.4909077131
Niger,ner,218.0471229696,234.9104278657,252.5046154867,260.5637700083,295.3931987199,358.1914055305,344.3756411101,351.0062183468,378.200546574,393.6434230449,417.6703093047,431.3816821379
Nigeria,nga,510.2960978329,645.7639926653,804.006199304,1014.7347416177,1131.1476946253,1376.8574487829,1091.9685272245,2302.8287089281,2495.6065939989,2716.7159277626,2943.5658339096,3080.3172702788
North America,nac,38550.0798996021,40948.2341842791,43514.0819225872,45849.0408211219,47723.7274691787,48232.3100078821,46394.3848463695,48289.7175885726,50016.9594400288,51545.3001765107,52722.4007597299,54134.9225333391
Northern Mariana Islands,mnp,18338.7111097954,18293.6969898553,16482.321506245,15907.4475777296,15687.9797962904,16375.1460509565,14382.372096389,14834.7567768288,13769.3954991171,14086.3563041603,14479.5708106703,15327.9184466731
Norway,nor,50111.6544494522,57570.2691601943,66775.3943971756,74114.697150083,85128.6575906714,96880.5096146393,80017.7768095085,87646.2700974708,100575.117263444,101563.702677597,102910.435039364,97005.4985619729
OECD members,oed,26798.4106500073,29618.5493753349,31082.3653859428,32527.5648670701,35289.065592589,37059.2364794463,34424.9726057601,35821.8723215084,38274.6518421735,37931.3962864639,38098.6972620793,38566.2717108913
Oman,omn,9070.4946985076,10115.0436104014,12398.5943454954,14575.1603991844,16225.6599871528,22963.3781637315,17518.8333143066,19920.6495686354,21164.3357574377,21631.8909559845,20204.9295362935,19129.8442238053
Other small states,oss,5500.9103452153,6688.3776101809,7940.9917649799,9112.5746578425,10872.1472461366,12954.4440568722,10853.4102224675,12336.7233968867,14925.0192030532,15280.2689021227,15614.9349397528,15793.7702737161
Pacific island small states,pss,2052.2232767849,2345.2056533637,2546.7805341982,2641.7119551553,2870.649934749,3032.0658648382,2657.314176722,2901.3651601165,3397.6894534675,3576.5716963014,3643.0016329988,3775.0284460036
Pakistan,pak,565.3238448029,652.0202130187,714.0368100028,876.9511088541,953.7956859753,1042.8017054166,1009.7993193028,1043.3002050381,1229.8488287602,1264.9009091421,1276.0924479186,1320.5535498178
Palau,plw,8116.7512690355,8851.3001767231,9710.1522077661,9729.1625024985,9742.5191370912,9793.8399169427,9162.4066063704,8978.9936492428,9701.0579442881,10319.9074966275,10932.6449639084,11892.6861639096
Panama,pan,4276.0137991182,4604.4688207771,4933.0849849711,5369.580980983,6095.2804183809,7008.9882495651,7471.3413858118,7987.0603722242,9335.6916171912,10672.3589547222,11786.633173101,12712.4313236227
Papua New Guinea,png,610.2002910919,661.125039041,799.4164059234,886.4202669456,992.6737493163,1223.2029780024,1210.8717231987,1418.9235906922,1838.6991986867,2151.2102765496,2108.8316426359,2268.172539443
Paraguay,pry,1174.7797654949,1408.5274825574,1507.1459510857,1809.7102314292,2312.1925382242,3059.9850992135,2599.592016272,3225.5917537364,3988.0245666852,3855.5721854618,4479.9550521734,4712.8702053641
Peru,per,2180.2510775819,2448.1444375908,2754.7804280968,3171.4964674275,3611.2048543336,4208.8680186362,4166.0853424169,5021.2493735929,5770.3277776756,6386.374448507,6580.9790526729,6490.1811897569
Philippines,phl,1011.2866443898,1080.0861840208,1196.5398492383,1395.2126330001,1678.8519884121,1929.1328970269,1836.8741202308,2145.2400070734,2371.8535366282,2604.655996837,2786.0147008613,2873.0881888425
Poland,pol,5693.5241601857,6681.178817812,8021.2515691549,9040.7702056187,11260.3185156411,14001.4468819804,11527.5932279825,12599.5248642681,13893.4117186252,13145.1048415824,13780.5491146258,14341.8599344653
Portugal,prt,15772.7333950542,18045.5880994833,18784.9484992149,19821.4446268632,22780.0584505513,24815.6088356622,23063.9716141302,22539.9960076117,23194.7409567701,20577.4026375899,21618.7353389663,22077.5361325219
Post-demographic dividend,pst,29413.0516409582,32514.6003474831,34047.5944495599,35617.9390518069,38628.728688971,40562.517934151,37992.0871868531,39433.2627716251,42208.5273303115,41959.072036705,42122.3522804052,42704.7299369282
Pre-demographic dividend,pre,455.2317032052,536.1388308195,645.4766654995,783.1554427952,931.7376877636,1155.5056499888,1017.4298788108,1366.083860531,1534.5366102647,1638.6007149383,1739.392229396,1795.1048108763
Puerto Rico,pri,19820.2072870642,20988.9923326534,21959.3227075956,22935.9411493385,23664.8823530538,24898.3388400438,25768.7360476525,26435.7330836866,27278.8452337977,27811.5557986588,28703.7323699256,28703.7323699256
Qatar,qat,35221.5264325297,43346.8642555975,53207.3336473736,61593.6729672606,67612.4940409837,82990.0709631041,61463.9035819678,70870.2265835221,88050.8118217893,92692.6433122033,94574.2550534469,94944.0855935367
Romania,rou,2774.9558064905,3552.9245198174,4676.3151832595,5828.7456623012,8214.1853781018,10136.4735592475,8220.1083289951,8297.4836207238,9200.2778247049,8558.3976056224,9585.2665926465,10020.2773322992
Russian Federation,rus,2975.1327783493,4102.3722935488,5323.4738765559,6920.1943978361,9101.2530848044,11635.26037297,8562.809598424,10674.987707365,14227.72143741,15042.1916377421,15552.0509880404,14051.599123979
Rwanda,rwa,212.512045918,236.6292038149,286.5674903814,336.9422810401,398.2084858803,491.9404166077,529.5965561776,553.5974576107,606.9028863997,667.4145823344,678.9981669441,697.6265012737
Samoa,wsm,1907.048404568,2350.862872129,2587.5240001587,2793.5431199908,3130.3525975232,3375.8216396604,3165.7066606056,3530.5739943532,4065.9559198279,4257.3057285415,4179.5976810365,4172.2171003766
Sao Tome and Principe,stp,658.2801398621,703.6625567135,824.0121598408,858.5878309725,911.0570120221,1149.308773751,1123.3583879432,1155.5129514541,1335.3499229706,1415.0319193049,1660.9031925836,1870.0210254153
Saudi Arabia,sau,9186.3103884354,10756.0162185009,13273.6534986384,14826.9166983811,15947.4057864239,19436.8571597589,15655.0833675338,18753.9812332079,23256.0956126438,24883.1897146534,24646.0208730264,24406.4764554706
Senegal,sen,642.6259945453,732.3181055903,772.6524453737,808.2884238566,948.5067591839,1093.7162746357,1015.1082205179,996.7074883111,1074.4943263295,1030.0445102413,1041.167179326,1041.71746059
Serbia,srb,2832.4906523085,3331.228765606,3528.1310077579,4129.7587410283,5458.1217184217,6701.7739127801,5821.3053970568,5411.8774039191,6423.2917833458,5659.3802040369,6353.8263827933,6200.1732210247
Seychelles,syc,8524.9612355778,10176.6587120064,11092.5107357824,12014.3998729502,12154.8299372808,11122.8620677142,9706.9560596396,10804.6844747547,12189.0951601357,12845.17363161,15687.3479494868,15570.7789222605
Sierra Leone,sle,295.0797750752,293.854506622,320.995366803,359.5337138352,400.3809370649,453.7363655061,440.9244596818,453.0220407258,497.9848698011,629.118623157,796.3190606866,794.0870820471
Singapore,sgp,23573.6280388506,27405.2713554901,29869.8539805446,33579.8594757016,39223.5818748702,39721.0481819946,38577.5582156126,46569.6795060716,53093.6701495192,54451.210333388,55617.6125035777,56007.288209027
Slovak Republic,svk,8696.9132419141,10654.7937072937,11669.4197478063,13139.0321768688,16057.7331439028,18650.3591154107,16512.9819723317,16601.6019729568,18186.026208065,17274.6423040509,18191.612786163,18595.1511139028
Slovenia,svn,14880.4715401788,17260.9015138173,18169.1809082287,19726.1264959149,23841.3179190744,27501.8102703687,24633.7978523083,23438.8674661771,24983.6941994393,22486.4716702747,23150.3179893477,24020.6728561283
Small states,sst,5311.9081707768,6299.2664838513,7386.6241319771,8418.5962086985,9893.3573405904,11674.255579556,9794.875548276,11045.0474431095,13136.5952365424,13474.1111786752,13754.3614478983,13896.9231709615
Solomon Islands,slb,745.4615324076,819.3060362273,881.9616183924,950.0524925257,1048.7714859722,1208.346795399,1161.2348171668,1276.3487251831,1648.8452866859,1866.7079688233,1890.0009028027,2021.3592140392
South Africa,zaf,3775.6071783007,4863.5198124621,5414.6354919793,5631.7064973809,6125.0370054794,5786.599931549,5888.6017943675,7362.7613898648,8049.9542237674,7548.4397497501,6895.1438598339,6488.0168752508
South Asia,sas,542.7072761085,618.807803259,697.5542320701,785.0117450835,954.9913990103,957.8377513085,1037.31324752,1253.6595215379,1375.1266140912,1372.6664814129,1391.4197470159,1501.6829146816
South Asia (IDA & IBRD),tsa,542.7072761085,618.807803259,697.5542320701,785.0117450835,954.9913990103,957.8377513085,1037.31324752,1253.6595215379,1375.1266140912,1372.6664814129,1391.4197470159,1501.6829146816
Spain,esp,21495.7074076474,24918.6458419994,26510.7174533426,28482.6094833461,32709.4010383771,35578.736189717,32333.4661042498,30737.8322708385,31832.2380807085,28562.2932404629,29210.0934234591,29600.4722482852
Sri Lanka,lka,989.4547732126,1074.6060922248,1259.8075907972,1448.7610104811,1644.8163723216,2054.4891915896,2106.6815841113,2819.5111605615,3220.9926148951,3350.5213749528,3610.28937355,3852.7420664187
St. Kitts and Nevis,kna,9719.1515133439,10349.2253611616,11053.7447437466,12767.8951383034,13355.9592089861,14462.6965642173,13983.972603034,13466.8278264511,14212.3469369214,13689.8912705809,14514.7214395479,15429.8592236675
St. Lucia,lca,5007.778906516,5449.3251801189,5723.3448179116,6410.2001629439,6761.9941653595,6872.4754662785,6740.7354556548,7000.6415825229,7143.2294474999,7180.1393521334,7229.9288839318,7548.196954067
St. Vincent and the Grenadines,vct,4446.5944616378,4808.038752716,5064.2182150334,5608.2041383213,6220.347088278,6370.4378862442,6177.4974278658,6231.7132255385,6183.6768221199,6337.7699593973,6596.788973887,6656.1157170338
Sub-Saharan Africa,ssf,648.2952006097,785.2806671706,899.0990919702,1022.4858209486,1157.7383614274,1286.5518707024,1197.8394429354,1556.6295858821,1705.0917810915,1740.1370655789,1783.9136263225,1817.1214892049
Sub-Saharan Africa (excluding high income),ssa,647.3873577784,784.2309780919,897.9855477208,1021.2931811657,1156.5731918418,1285.5180269651,1196.9658556203,1555.6797370552,1704.0712100253,1739.0746985575,1782.5944661589,1815.8314243944
Sub-Saharan Africa (IDA & IBRD countries),tss,648.2952006097,785.2806671706,899.0990919702,1022.4858209486,1157.7383614274,1286.5518707024,1197.8394429354,1556.6295858821,1705.0917810915,1740.1370655789,1783.9136263225,1817.1214892049
Sudan,sdn,466.0338721684,550.7465691074,661.6262771384,868.3227750224,1081.1593205797,1248.3552690617,1183.206774887,1421.5329424295,1596.4452095571,1806.4507965889,1871.1089791099,2087.7005435549
Suriname,sur,2606.8277245584,3033.0188885727,3645.8505092498,5295.6236481658,5862.0509745583,6973.0982392593,7561.4507007808,8430.9059650623,8448.5042608346,9422.2709943523,9618.3505312758,9680.1159136737
Swaziland,swz,1995.0912925504,2522.8601952305,2812.5887845046,2843.8718832224,2962.8886465795,2808.7511020857,3046.6266041172,3793.6594644121,4090.8577423903,3952.6563167699,3686.8792826496,3539.9183506374
Sweden,swe,36961.4253671424,42442.2204473133,43085.353145957,46256.4716010495,53324.3793724756,55746.8423811175,46207.0592032962,52076.4305245885,59593.6847982389,57134.0770682404,60283.24522267,59180.1989776727
Switzerland,che,47960.5649721577,53255.9763084633,54797.5466345741,57348.9278823975,63223.467775151,72119.5608730311,69672.0047147337,74277.1205125567,88002.6095703805,83164.3879543217,84658.8876757562,85814.5885735953
Tajikistan,tjk,237.8931913401,311.4241105857,339.7644428095,407.2536405646,523.9451145583,711.508814699,671.5453596986,744.1842273265,841.2168292197,962.4408177268,1048.6669059969,1113.3663544672
Tanzania,tza,325.5507737197,348.0523712928,446.1578939985,475.9087651134,533.1723966894,657.7287433576,665.3440028681,708.5219323254,740.3839008298,827.5288807691,909.3301412394,957.9345343305
Thailand,tha,2349.3845256654,2643.4789348754,2874.3862741776,3351.117632864,3962.7504988544,4384.7826751575,4231.1403677813,5111.9092022292,5539.494368104,5915.2211466869,6225.0522831539,5969.9401158379
Timor-Leste,tls,487.394976066,484.0884489848,496.211711607,459.1482057024,547.3764608538,673.1883811953,793.7978186398,892.0446268264,1065.3283865472,1173.2403209942,1161.7662034065,1208.7855118546
Togo,tgo,316.7920686669,356.8308035157,379.1809289005,384.2885556203,428.401561824,522.6250070104,508.5405257239,496.4824942028,572.0257032225,573.2074765122,588.9875460788,630.0460613959
Tonga,ton,2033.443788568,2288.4103405504,2599.4579877197,2897.7088976134,2937.7116040406,3398.8839146536,3076.4290568421,3554.0754553997,4052.1873131528,4509.3623397422,4274.2268237073,4200.1320448227
Trinidad and Tobago,tto,8804.5186659639,10290.5191436384,12323.1365555341,14095.9958173282,16530.1804420146,21188.118565877,14508.8137365799,16684.0085959244,19053.9421222077,19152.1814885574,19607.9491791503,19325.3855038908
Tunisia,tun,2762.024824899,3112.8853693529,3194.5638236611,3371.6114539587,3777.9530498026,4309.7803733697,4129.828184464,4140.4385670816,4257.9403329018,4139.5381097146,4202.8702994309,4276.9603993409
Turkey,tur,4586.8112031587,5855.5386598391,7117.2332413219,7727.2724045373,9309.2891722681,10382.145324304,8624.1721864689,10111.1925071277,10538.7234931882,10539.3654471072,10800.5423536698,10303.6987055756
Turkmenistan,tkm,1286.0142612496,1455.9360495076,1706.9567263925,2140.4554721672,2606.74197588,3918.9349267872,4059.9615110208,4479.0123541846,5724.5371023111,6797.7211660283,7480.3216777369,8199.0093832226
Tuvalu,tuv,1901.0509425927,2232.5245290887,2252.8470077065,2353.3560877295,2768.3709573206,3094.628091723,2763.1603053785,3238.3757627391,3993.5002543023,4044.1937802249,3880.3523216754,3766.2680604954
Uganda,uga,241.6948011189,292.8430150351,321.4357613738,342.8372639836,409.8703260132,459.1097759001,566.3342504515,608.9548660483,597.5159032856,664.0051545773,683.343153158,734.7440153004
Ukraine,ukr,1048.5224879076,1367.3524333363,1828.717625766,2303.0188309318,3068.608997997,3891.0378231821,2545.4803410735,2965.1423654977,3569.7570274048,3855.4212801318,4029.7155037213,3104.6582957545
United Arab Emirates,are,34294.8939976005,37179.6818919642,40298.5242178562,42950.1005841305,42913.7840342254,45720.0178979792,32905.0538494054,34341.9112921486,39901.2209155518,41712.3979484395,42986.6646116366,44238.5997740128
United Kingdom,gbr,34007.8887574143,39824.7618053778,41524.0655354404,44016.7264104656,49949.1548811539,46523.2654539202,38010.1004506576,38708.6762921633,41243.123274868,41538.3072616553,42407.3710146402,46412.1172713997
United States,usa,39677.1983481058,41921.8097617892,44307.9205848603,46437.0671173065,48061.5376613353,48401.4273403899,47001.5553496818,48374.0867933094,49781.8006563523,51433.0470904727,52749.911239512,54539.6655752119
Upper middle income,umc,2179.1862823042,2596.9551693554,3104.6916252343,3668.5826790748,4533.0933906821,5509.6692468937,5263.3688408327,6332.142755471,7525.5770371236,7951.7747711075,8405.0218603912,8571.3278572257
Uruguay,ury,3622.0522842798,4117.3088533301,5220.9573960174,5877.8796076223,7009.6781598367,9062.2905353932,9415.1535827344,11938.2750545308,14166.5576672224,15092.4720593331,16881.3840005323,16737.973100697
Uzbekistan,uzb,396.1299689813,465.119886944,546.7768501856,654.2838372833,830.4076942043,1082.286025017,1213.2653281639,1377.0821404694,1564.9669451088,1740.4682979775,1907.5512333556,2036.6917234305
Vanuatu,vut,1580.5106680247,1787.9382648014,1886.388309665,2047.0882852007,2393.3346212201,2698.0212401243,2643.4757853431,2965.7522301167,3275.0239820367,3158.4209735273,3167.0553033047,3147.9637788925
"Venezuela, RB",ven,3233.895666079,4273.4406877617,5435.742202712,6740.2367785867,8325.2087554433,11224.6467026883,11534.8406001136,13581.3533771018,10754.5928790654,12771.5950361107,12265.03113567,12265.03113567
Vietnam,vnm,530.8618505058,606.904378262,699.4997775063,796.6715737745,919.2092655681,1164.6125246171,1232.3696735953,1333.5835239668,1542.6704361015,1754.5479738641,1907.5643816797,2052.3190838009
Virgin Islands (U.S.),vir,31947.0786880696,35192.2186197314,41154.0565346782,41819.870009285,44711.0953892556,39685.8746299876,39388.2313250302,40831.1140805706,40072.2226423656,38898.1239610544,35937.634264873,34789.2867428242
West Bank and Gaza,pse,1257.6985700969,1337.5657243067,1455.1878778656,1441.4617017851,1575.5634016661,1855.4570204588,1963.2015186572,2338.719876823,2663.5370221209,2787.1697405926,2992.2009945543,2960.7780014493
World,wld,6117.9266517769,6804.1935997373,7274.8557290103,7779.9923868198,8650.814982436,9372.2905035185,8776.6700021252,9510.8864394856,10445.0773625211,10533.8489019565,10701.7064296859,10835.9307270687
"Yemen, Rep.",yem,607.9158042676,696.0549606969,817.0822744354,904.6054470299,997.9453803967,1205.5375275972,1094.7994554141,1310.0536713599,1350.3816340536,1422.7237791203,1582.8492522574,1650.974597113
Zambia,zmb,429.0072778945,530.5535840727,691.8094585867,1030.3153597256,1103.4865771188,1365.7212052255,1134.7729978295,1456.1268257459,1635.5879537392,1724.7645482889,1839.5187094043,1726.992844057
Zimbabwe,zwe,448.3731926995,451.171588554,443.2401359845,414.6801151315,397.9568722581,327.1990836623,594.4959684781,674.2686954112,768.5564093024,850.8276966049,905.5003217862,931.1981846869
